date,name,place,price
2015-02-15,鲜百合,甘肃/兰州,43.0
2016-01-01,鲜百合,甘肃,38.0
2016-01-02,鲜百合,甘肃,38.0
2016-01-03,鲜百合,甘肃,38.0
2016-01-04,鲜百合,甘肃,38.0
2016-01-05,鲜百合,甘肃,38.0
2016-01-06,鲜百合,甘肃,38.0
2016-01-07,鲜百合,甘肃,38.0
2016-01-08,鲜百合,甘肃/兰州,38.0
2016-01-09,鲜百合,甘肃/兰州,38.0
2016-01-10,鲜百合,甘肃/兰州,38.0
2016-01-11,鲜百合,甘肃/兰州,38.0
2016-01-12,鲜百合,甘肃/兰州,38.0
2016-01-13,鲜百合,甘肃/兰州,38.0
2016-01-14,鲜百合,甘肃/兰州,38.0
2016-01-15,鲜百合,甘肃/兰州,38.0
2016-01-16,鲜百合,甘肃/兰州,38.0
2016-01-17,鲜百合,甘肃/兰州,38.0
2016-01-18,鲜百合,甘肃/兰州,38.0
2016-01-19,鲜百合,甘肃/兰州,38.0
2016-01-20,鲜百合,甘肃/兰州,38.0
2016-01-21,鲜百合,甘肃/兰州,38.0
2016-01-22,鲜百合,甘肃/兰州,38.0
2016-01-23,鲜百合,甘肃/兰州,38.0
2016-01-24,鲜百合,甘肃/兰州,38.0
2016-01-25,鲜百合,甘肃/兰州,38.0
2016-01-26,鲜百合,甘肃/兰州,38.0
2016-01-27,鲜百合,甘肃/兰州,38.0
2016-01-28,鲜百合,甘肃/兰州,38.0
2016-01-29,鲜百合,甘肃/兰州,38.0
2016-01-30,鲜百合,甘肃/兰州,38.0
2016-01-31,鲜百合,甘肃/兰州,38.0
2016-02-01,鲜百合,甘肃/兰州,38.0
2016-02-02,鲜百合,甘肃/兰州,40.0
2016-02-03,鲜百合,甘肃/兰州,40.0
2016-02-07,鲜百合,甘肃/兰州,40.0
2016-02-08,鲜百合,甘肃/兰州,40.0
2016-02-09,鲜百合,甘肃/兰州,41.0
2016-02-10,鲜百合,甘肃/兰州,42.0
2016-02-11,鲜百合,甘肃/兰州,43.0
2016-02-12,鲜百合,甘肃/兰州,43.0
2016-02-13,鲜百合,甘肃/兰州,43.0
2016-02-14,鲜百合,甘肃/兰州,43.0
2016-02-16,鲜百合,甘肃/兰州,43.0
2016-02-17,鲜百合,甘肃/兰州,43.0
2016-02-18,鲜百合,甘肃/兰州,40.0
2016-02-19,鲜百合,甘肃/兰州,40.0
2016-02-20,鲜百合,甘肃/兰州,40.0
2016-02-21,鲜百合,甘肃/兰州,40.0
2016-02-22,鲜百合,甘肃/兰州,40.0
2016-02-23,鲜百合,甘肃/兰州,40.0
2016-02-24,鲜百合,甘肃/兰州,39.0
2016-02-25,鲜百合,甘肃/兰州,40.0
2016-02-26,鲜百合,甘肃/兰州,40.0
2016-02-27,鲜百合,甘肃/兰州,40.0
2016-02-28,鲜百合,甘肃/兰州,40.0
2016-02-29,鲜百合,甘肃/兰州,40.0
2016-03-01,鲜百合,甘肃/兰州,40.0
2016-03-02,鲜百合,甘肃/兰州,40.0
2016-03-03,鲜百合,甘肃/兰州,40.0
2016-03-04,鲜百合,甘肃/兰州,40.0
2016-03-05,鲜百合,甘肃/兰州,40.0
2016-03-06,鲜百合,甘肃/兰州,40.0
2016-03-07,鲜百合,甘肃/兰州,40.0
2016-03-08,鲜百合,甘肃/兰州,40.0
2016-03-09,鲜百合,甘肃/兰州,40.0
2016-03-10,鲜百合,甘肃/兰州,40.0
2016-03-11,鲜百合,甘肃/兰州,40.0
2016-03-12,鲜百合,甘肃/兰州,40.0
2016-03-13,鲜百合,甘肃/兰州,40.0
2016-03-14,鲜百合,甘肃/兰州,40.0
2016-03-15,鲜百合,甘肃/兰州,40.0
2016-03-16,鲜百合,甘肃/兰州,40.0
2016-03-17,鲜百合,甘肃/兰州,40.0
2016-03-18,鲜百合,甘肃/兰州,40.0
2016-03-19,鲜百合,甘肃/兰州,40.0
2016-03-20,鲜百合,甘肃/兰州,40.0
2016-03-21,鲜百合,甘肃/兰州,40.0
2016-03-22,鲜百合,甘肃/兰州,40.0
2016-03-23,鲜百合,甘肃/兰州,40.0
2016-03-24,鲜百合,甘肃/兰州,40.0
2016-03-25,鲜百合,甘肃/兰州,40.0
2016-03-26,鲜百合,甘肃/兰州,40.0
2016-03-27,鲜百合,甘肃/兰州,40.0
2016-03-28,鲜百合,甘肃/兰州,40.0
2016-03-29,鲜百合,甘肃/兰州,40.0
2016-03-30,鲜百合,甘肃/兰州,40.0
2016-03-31,鲜百合,甘肃/兰州,40.0
2016-04-01,鲜百合,甘肃/兰州,40.0
2016-04-02,鲜百合,甘肃/兰州,40.0
2016-04-03,鲜百合,甘肃/兰州,40.0
2016-04-04,鲜百合,甘肃/兰州,40.0
2016-04-05,鲜百合,甘肃/兰州,40.0
2016-04-06,鲜百合,甘肃/兰州,39.0
2016-04-07,鲜百合,甘肃/兰州,38.0
2016-04-08,鲜百合,甘肃/兰州,39.0
2016-04-09,鲜百合,甘肃/兰州,39.0
2016-04-10,鲜百合,甘肃/兰州,39.0
2016-04-11,鲜百合,甘肃/兰州,40.0
2016-04-12,鲜百合,甘肃/兰州,39.0
2016-04-13,鲜百合,甘肃/兰州,39.0
2016-04-14,鲜百合,兰州,39.0
2016-04-15,鲜百合,兰州,39.0
2016-04-16,鲜百合,兰州,39.0
2016-04-17,鲜百合,兰州,39.0
2016-04-18,鲜百合,兰州,39.0
2016-04-19,鲜百合,兰州,39.0
2016-04-20,鲜百合,兰州,39.0
2016-04-21,鲜百合,兰州,39.0
2016-04-22,鲜百合,甘肃/兰州,38.0
2016-04-23,鲜百合,甘肃/兰州,38.0
2016-04-24,鲜百合,甘肃/兰州,38.0
2016-04-25,鲜百合,甘肃/兰州,38.0
2016-04-26,鲜百合,甘肃/兰州,38.0
2016-04-27,鲜百合,甘肃/兰州,38.0
2016-04-28,鲜百合,甘肃/兰州,38.0
2016-04-29,鲜百合,甘肃/兰州,38.0
2016-04-30,鲜百合,甘肃/兰州,38.0
2016-05-01,鲜百合,甘肃/兰州,38.0
2016-05-02,鲜百合,甘肃/兰州,38.0
2016-05-03,鲜百合,甘肃/兰州,37.0
2016-05-04,鲜百合,甘肃/兰州,38.0
2016-05-05,鲜百合,甘肃/兰州,38.0
2016-05-06,鲜百合,甘肃/兰州,38.0
2016-05-07,鲜百合,甘肃/兰州,37.0
2016-05-08,鲜百合,甘肃/兰州,37.0
2016-05-09,鲜百合,甘肃/兰州,38.0
2016-05-10,鲜百合,甘肃/兰州,38.0
2016-05-11,鲜百合,甘肃/兰州,37.0
2016-05-12,鲜百合,甘肃/兰州,38.0
2016-05-13,鲜百合,甘肃/兰州,37.0
2016-05-14,鲜百合,甘肃/兰州,38.0
2016-05-15,鲜百合,甘肃/兰州,38.0
2016-05-16,鲜百合,甘肃/兰州,37.0
2016-05-17,鲜百合,甘肃/兰州,37.0
2016-05-18,鲜百合,甘肃/兰州,37.0
2016-05-19,鲜百合,甘肃/兰州,37.0
2016-05-20,鲜百合,甘肃/兰州,37.0
2016-05-21,鲜百合,甘肃/兰州,37.0
2016-05-22,鲜百合,甘肃/兰州,37.0
2016-05-23,鲜百合,甘肃/兰州,37.0
2016-05-24,鲜百合,甘肃/兰州,37.0
2016-05-25,鲜百合,甘肃/兰州,37.0
2016-05-26,鲜百合,甘肃/兰州,37.0
2016-05-27,鲜百合,甘肃/兰州,37.0
2016-05-28,鲜百合,甘肃/兰州,37.0
2016-05-29,鲜百合,甘肃/兰州,37.0
2016-05-30,鲜百合,甘肃/兰州,37.0
2016-05-31,鲜百合,甘肃/兰州,37.0
2016-06-01,鲜百合,甘肃/兰州,37.0
2016-06-02,鲜百合,甘肃/兰州,38.0
2016-06-03,鲜百合,甘肃/兰州,38.0
2016-06-04,鲜百合,甘肃/兰州,39.0
2016-06-05,鲜百合,甘肃/兰州,39.0
2016-06-06,鲜百合,甘肃/兰州,40.0
2016-06-07,鲜百合,甘肃/兰州,45.0
2016-06-08,鲜百合,甘肃/兰州,45.0
2016-06-09,鲜百合,甘肃/兰州,46.0
2016-06-10,鲜百合,甘肃/兰州,46.0
2016-06-11,鲜百合,甘肃/兰州,46.0
2016-06-12,鲜百合,甘肃/兰州,45.0
2016-06-13,鲜百合,甘肃/兰州,44.6
2016-06-14,鲜百合,甘肃/兰州,44.0
2016-06-15,鲜百合,甘肃/兰州,44.0
2016-06-16,鲜百合,甘肃/兰州,43.0
2016-06-17,鲜百合,甘肃/兰州,40.0
2016-06-18,鲜百合,甘肃/兰州,40.0
2016-06-19,鲜百合,甘肃/兰州,40.0
2016-06-20,鲜百合,甘肃/兰州,40.0
2016-06-21,鲜百合,甘肃/兰州,40.0
2016-06-22,鲜百合,甘肃/兰州,40.0
2016-06-23,鲜百合,甘肃/兰州,40.0
2016-06-24,鲜百合,甘肃,40.0
2016-06-25,鲜百合,甘肃,40.0
2016-06-26,鲜百合,甘肃,40.0
2016-06-27,鲜百合,甘肃,40.0
2016-06-28,鲜百合,甘肃,40.0
2016-06-29,鲜百合,甘肃,40.0
2016-06-30,鲜百合,甘肃,45.0
2016-07-01,鲜百合,甘肃,45.0
2016-07-02,鲜百合,甘肃,45.0
2016-07-03,鲜百合,甘肃,45.0
2016-07-04,鲜百合,甘肃,45.0
2016-07-05,鲜百合,甘肃,45.0
2016-07-06,鲜百合,甘肃,45.0
2016-07-07,鲜百合,甘肃,45.0
2016-07-08,鲜百合,甘肃/兰州,45.0
2016-07-09,鲜百合,甘肃/兰州,45.0
2016-07-10,鲜百合,甘肃/兰州,45.0
2016-07-11,鲜百合,甘肃/兰州,43.0
2016-07-12,鲜百合,甘肃/兰州,43.0
2016-07-13,鲜百合,甘肃/兰州,43.0
2016-07-14,鲜百合,甘肃/兰州,43.0
2016-07-15,鲜百合,甘肃/兰州,43.0
2016-07-16,鲜百合,甘肃/兰州,46.0
2016-07-17,鲜百合,甘肃/兰州,46.0
2016-07-18,鲜百合,甘肃/兰州,46.0
2016-07-19,鲜百合,甘肃/兰州,46.0
2016-07-20,鲜百合,甘肃/兰州,46.0
2016-07-21,鲜百合,甘肃/兰州,46.0
2016-07-22,鲜百合,甘肃/兰州,46.0
2016-07-23,鲜百合,甘肃/兰州,46.0
2016-07-24,鲜百合,甘肃/兰州,46.0
2016-07-25,鲜百合,甘肃/兰州,46.0
2016-07-26,鲜百合,甘肃/兰州,46.0
2016-07-27,鲜百合,甘肃/兰州,46.0
2016-07-28,鲜百合,甘肃/兰州,46.0
2016-07-29,鲜百合,甘肃/兰州,46.0
2016-07-30,鲜百合,甘肃/兰州,46.0
2016-07-31,鲜百合,甘肃/兰州,46.0
2016-08-01,鲜百合,甘肃/兰州,46.0
2016-08-02,鲜百合,甘肃/兰州,45.8
2016-08-03,鲜百合,甘肃/兰州,45.9
2016-08-04,鲜百合,甘肃/兰州,46.0
2016-08-05,鲜百合,甘肃,45.8
2016-08-06,鲜百合,甘肃,45.9
2016-08-07,鲜百合,甘肃,46.0
2016-08-08,鲜百合,甘肃,46.2
2016-08-09,鲜百合,甘肃,46.3
2016-08-10,鲜百合,甘肃,46.4
2016-08-11,鲜百合,甘肃,46.5
2016-08-12,鲜百合,甘肃,46.3
2016-08-13,鲜百合,甘肃,46.3
2016-08-14,鲜百合,甘肃,46.3
2016-08-15,鲜百合,甘肃,46.2
2016-08-16,鲜百合,甘肃,46.1
2016-08-17,鲜百合,甘肃,46.1
2016-08-18,鲜百合,甘肃,46.3
2016-08-19,鲜百合,甘肃/湖南,46.3
2016-08-20,鲜百合,甘肃/湖南,46.5
2016-08-21,鲜百合,甘肃/湖南,46.5
2016-08-22,鲜百合,甘肃/湖南,46.3
2016-08-23,鲜百合,甘肃/湖南,46.3
2016-08-24,鲜百合,甘肃/湖南,46.6
2016-08-25,鲜百合,甘肃/湖南,46.0
2016-08-26,鲜百合,甘肃/湖南,45.0
2016-08-27,鲜百合,甘肃/湖南,46.0
2016-08-28,鲜百合,甘肃/湖南,46.0
2016-08-29,鲜百合,甘肃/湖南,46.1
2016-08-30,鲜百合,甘肃/湖南,46.1
2016-08-31,鲜百合,甘肃/湖南,45.6
2016-09-01,鲜百合,甘肃/湖南,45.6
2016-09-02,鲜百合,甘肃/湖南,45.6
2016-09-03,鲜百合,甘肃/湖南,45.5
2016-09-04,鲜百合,甘肃/湖南,45.5
2016-09-05,鲜百合,甘肃/湖南,45.5
2016-09-06,鲜百合,甘肃/湖南,45.5
2016-09-07,鲜百合,甘肃/湖南,45.5
2016-09-08,鲜百合,甘肃/湖南,45.5
2016-09-09,鲜百合,甘肃,45.5
2016-09-10,鲜百合,甘肃,45.5
2016-09-11,鲜百合,甘肃,45.5
2016-09-12,鲜百合,甘肃,45.5
2016-09-13,鲜百合,甘肃,45.5
2016-09-14,鲜百合,甘肃,45.5
2016-09-15,鲜百合,甘肃,45.5
2016-09-16,鲜百合,甘肃,45.5
2016-09-17,鲜百合,甘肃,45.5
2016-09-18,鲜百合,甘肃,45.5
2016-09-19,鲜百合,甘肃,45.5
2016-09-20,鲜百合,甘肃,45.5
2016-09-21,鲜百合,甘肃,45.5
2016-09-22,鲜百合,甘肃,45.5
2016-09-23,鲜百合,甘肃,45.5
2016-09-24,鲜百合,甘肃,45.5
2016-09-25,鲜百合,甘肃,45.5
2016-09-26,鲜百合,甘肃,45.5
2016-09-27,鲜百合,甘肃,45.5
2016-09-28,鲜百合,甘肃,45.5
2016-09-29,鲜百合,甘肃,45.5
2016-09-30,鲜百合,甘肃,45.5
2016-10-01,鲜百合,甘肃,45.5
2016-10-02,鲜百合,甘肃,45.3
2016-10-03,鲜百合,甘肃,45.0
2016-10-04,鲜百合,甘肃,45.0
2016-10-05,鲜百合,甘肃,45.0
2016-10-06,鲜百合,甘肃,45.0
2016-10-07,鲜百合,甘肃,45.0
2016-10-08,鲜百合,甘肃,45.0
2016-10-09,鲜百合,甘肃,45.0
2016-10-10,鲜百合,甘肃,45.0
2016-10-11,鲜百合,甘肃,45.0
2016-10-12,鲜百合,甘肃,45.0
2016-10-13,鲜百合,甘肃,45.0
2016-10-14,鲜百合,甘肃,45.0
2016-10-15,鲜百合,甘肃,45.0
2016-10-16,鲜百合,甘肃,45.0
2016-10-17,鲜百合,甘肃,45.0
2016-10-18,鲜百合,甘肃,45.0
2016-10-19,鲜百合,甘肃,45.0
2016-10-20,鲜百合,甘肃,45.0
2016-10-21,鲜百合,甘肃,45.0
2016-10-22,鲜百合,甘肃,45.0
2016-10-23,鲜百合,甘肃,45.0
2016-10-24,鲜百合,甘肃,45.0
2016-10-25,鲜百合,甘肃,45.0
2016-10-26,鲜百合,甘肃,45.0
2016-10-27,鲜百合,甘肃,45.0
2016-10-28,鲜百合,甘肃,45.0
2016-10-29,鲜百合,甘肃,45.0
2016-10-30,鲜百合,甘肃,45.0
2016-10-31,鲜百合,甘肃,45.0
2016-11-01,鲜百合,甘肃,45.0
2016-11-02,鲜百合,甘肃,45.0
2016-11-03,鲜百合,甘肃,45.0
2016-11-04,鲜百合,甘肃,45.0
2016-11-05,鲜百合,甘肃,45.0
2016-11-06,鲜百合,甘肃,45.2
2016-11-07,鲜百合,甘肃,45.0
2016-11-08,鲜百合,甘肃,45.2
2016-11-09,鲜百合,甘肃,45.0
2016-11-10,鲜百合,甘肃,45.0
2016-11-11,鲜百合,甘肃,45.0
2016-11-12,鲜百合,甘肃,45.0
2016-11-13,鲜百合,甘肃,45.0
2016-11-14,鲜百合,甘肃,45.0
2016-11-15,鲜百合,甘肃,45.0
2016-11-16,鲜百合,甘肃,45.0
2016-11-17,鲜百合,甘肃,45.0
2016-11-18,鲜百合,甘肃,45.0
2016-11-19,鲜百合,甘肃,45.0
2016-11-20,鲜百合,甘肃,45.0
2016-11-21,鲜百合,甘肃,45.0
2016-11-22,鲜百合,甘肃,45.2
2016-11-23,鲜百合,甘肃,45.0
2016-11-24,鲜百合,甘肃,45.0
2016-11-25,鲜百合,甘肃,45.0
2016-11-26,鲜百合,甘肃,45.0
2016-11-27,鲜百合,甘肃,45.0
2016-11-28,鲜百合,甘肃,45.0
2016-11-29,鲜百合,甘肃,45.0
2016-11-30,鲜百合,甘肃,45.0
2016-12-01,鲜百合,甘肃,45.0
2016-12-02,鲜百合,甘肃,45.0
2016-12-03,鲜百合,甘肃,45.0
2016-12-04,鲜百合,甘肃,45.0
2016-12-05,鲜百合,甘肃,45.0
2016-12-06,鲜百合,甘肃,45.0
2016-12-07,鲜百合,甘肃,45.0
2016-12-08,鲜百合,甘肃,45.0
2016-12-10,鲜百合,甘肃,45.0
2016-12-11,鲜百合,甘肃,45.0
2016-12-12,鲜百合,甘肃,46.0
2016-12-13,鲜百合,甘肃,46.0
2016-12-14,鲜百合,甘肃,47.0
2016-12-15,鲜百合,甘肃,47.0
2016-12-16,鲜百合,甘肃,47.0
2016-12-17,鲜百合,甘肃,47.0
2016-12-18,鲜百合,甘肃,47.0
2016-12-19,鲜百合,甘肃,47.0
2016-12-20,鲜百合,甘肃,47.0
2016-12-21,鲜百合,甘肃,47.0
2016-12-22,鲜百合,甘肃,47.0
2016-12-23,鲜百合,甘肃,47.0
2016-12-24,鲜百合,甘肃,47.0
2016-12-25,鲜百合,甘肃,48.0
2016-12-26,鲜百合,甘肃,48.0
2016-12-27,鲜百合,甘肃,48.0
2016-12-28,鲜百合,甘肃,48.0
2016-12-29,鲜百合,甘肃,48.0
2016-12-30,鲜百合,甘肃,48.0
2016-12-31,鲜百合,甘肃,48.0
2017-01-01,鲜百合,甘肃,48.0
2017-01-02,鲜百合,甘肃,48.0
2017-01-03,鲜百合,甘肃,48.0
2017-01-04,鲜百合,甘肃,46.0
2017-01-05,鲜百合,甘肃,43.0
2017-01-06,鲜百合,甘肃,43.0
2017-01-07,鲜百合,甘肃,43.0
2017-01-08,鲜百合,甘肃,43.0
2017-01-09,鲜百合,甘肃,43.0
2017-01-10,鲜百合,甘肃,42.0
2017-01-11,鲜百合,甘肃,42.0
2017-01-12,鲜百合,甘肃,42.0
2017-01-13,鲜百合,甘肃,41.0
2017-01-14,鲜百合,甘肃,41.0
2017-01-15,鲜百合,甘肃,41.0
2017-01-16,鲜百合,甘肃,41.0
2017-01-17,鲜百合,甘肃,41.0
2017-01-18,鲜百合,甘肃,41.0
2017-01-19,鲜百合,甘肃,41.0
2017-01-20,鲜百合,甘肃,41.0
2017-01-21,鲜百合,甘肃,41.0
2017-01-22,鲜百合,甘肃,41.0
2017-01-23,鲜百合,甘肃,41.0
2017-01-24,鲜百合,甘肃,41.0
2017-01-25,鲜百合,甘肃,41.0
2017-01-26,鲜百合,甘肃,41.0
2017-01-27,鲜百合,甘肃,41.0
2017-01-28,鲜百合,甘肃,41.0
2017-01-29,鲜百合,甘肃,42.0
2017-01-30,鲜百合,甘肃,42.0
2017-01-31,鲜百合,甘肃,42.0
2017-02-01,鲜百合,甘肃,42.0
2017-02-02,鲜百合,甘肃,42.0
2017-02-03,鲜百合,甘肃,42.0
2017-02-04,鲜百合,甘肃,42.0
2017-02-05,鲜百合,甘肃,42.0
2017-02-06,鲜百合,甘肃,42.0
2017-02-07,鲜百合,甘肃,42.0
2017-02-08,鲜百合,甘肃,42.0
2017-02-09,鲜百合,甘肃,42.0
2017-02-10,鲜百合,甘肃,42.0
2017-02-11,鲜百合,甘肃,41.7
2017-02-12,鲜百合,甘肃,41.0
2017-02-13,鲜百合,甘肃,41.0
2017-02-14,鲜百合,甘肃,42.0
2017-02-15,鲜百合,甘肃,41.0
2017-02-16,鲜百合,甘肃,42.0
2017-02-17,鲜百合,甘肃,43.0
2017-02-18,鲜百合,甘肃,43.0
2017-02-19,鲜百合,甘肃,41.0
2017-02-20,鲜百合,甘肃,41.0
2017-02-21,鲜百合,甘肃,41.0
2017-02-22,鲜百合,甘肃,41.0
2017-02-23,鲜百合,甘肃,41.0
2017-02-24,鲜百合,甘肃,41.0
2017-02-25,鲜百合,甘肃,41.0
2017-02-26,鲜百合,甘肃,43.0
2017-02-27,鲜百合,甘肃,43.0
2017-02-28,鲜百合,甘肃,43.0
2017-03-01,鲜百合,甘肃,43.0
2017-03-02,鲜百合,甘肃,42.7
2017-03-03,鲜百合,甘肃,42.4
2017-03-04,鲜百合,甘肃,42.0
2017-03-05,鲜百合,甘肃,41.7
2017-03-06,鲜百合,甘肃,37.0
2017-03-07,鲜百合,甘肃,37.0
2017-03-08,鲜百合,甘肃,37.0
2017-03-09,鲜百合,甘肃,33.0
2017-03-10,鲜百合,甘肃,33.0
2017-03-11,鲜百合,甘肃,33.0
2017-03-12,鲜百合,甘肃,33.0
2017-03-13,鲜百合,甘肃,33.0
2017-03-14,鲜百合,甘肃,33.0
2017-03-15,鲜百合,甘肃,33.0
2017-03-16,鲜百合,甘肃,33.0
2017-03-17,鲜百合,甘肃,35.0
2017-03-18,鲜百合,甘肃,35.0
2017-03-19,鲜百合,甘肃,35.0
2017-03-20,鲜百合,甘肃,35.0
2017-03-21,鲜百合,甘肃,35.0
2017-03-22,鲜百合,甘肃,40.0
2017-03-23,鲜百合,甘肃,40.0
2017-03-24,鲜百合,甘肃,42.0
2017-03-25,鲜百合,甘肃,42.0
2017-03-26,鲜百合,甘肃,42.0
2017-03-27,鲜百合,甘肃,42.0
2017-03-28,鲜百合,甘肃,42.0
2017-03-29,鲜百合,甘肃,42.0
2017-03-30,鲜百合,甘肃,42.0
2017-03-31,鲜百合,甘肃,42.0
2017-04-01,鲜百合,甘肃,42.0
2017-04-02,鲜百合,甘肃,42.0
2017-04-03,鲜百合,甘肃,42.0
2017-04-04,鲜百合,甘肃,42.0
2017-04-05,鲜百合,甘肃,42.0
2017-04-06,鲜百合,甘肃,42.0
2017-04-07,鲜百合,甘肃,42.0
2017-04-08,鲜百合,甘肃,42.0
2017-04-09,鲜百合,甘肃,42.0
2017-04-10,鲜百合,甘肃,42.0
2017-04-11,鲜百合,甘肃,42.0
2017-04-12,鲜百合,甘肃,41.0
2017-04-13,鲜百合,甘肃,41.0
2017-04-14,鲜百合,甘肃,41.0
2017-04-15,鲜百合,甘肃,41.0
2017-04-16,鲜百合,甘肃,41.0
2017-04-17,鲜百合,甘肃,41.0
2017-04-18,鲜百合,甘肃,41.0
2017-04-19,鲜百合,甘肃,41.0
2017-04-20,鲜百合,甘肃,40.0
2017-04-21,鲜百合,甘肃,40.0
2017-04-22,鲜百合,甘肃,40.0
2017-04-23,鲜百合,甘肃,40.0
2017-04-24,鲜百合,甘肃,40.0
2017-04-25,鲜百合,甘肃,40.0
2017-04-26,鲜百合,甘肃,40.0
2017-04-27,鲜百合,甘肃,40.0
2017-04-28,鲜百合,甘肃,40.0
2017-04-29,鲜百合,甘肃,40.0
2017-04-30,鲜百合,甘肃,40.0
2017-05-01,鲜百合,甘肃,40.0
2017-05-02,鲜百合,甘肃,40.1
2017-05-03,鲜百合,甘肃,40.0
2017-05-04,鲜百合,甘肃,39.9
2017-05-05,鲜百合,兰州/甘肃,39.8
2017-05-06,鲜百合,兰州/甘肃,39.7
2017-05-07,鲜百合,兰州/甘肃,39.6
2017-05-08,鲜百合,兰州/甘肃,39.5
2017-05-09,鲜百合,兰州/甘肃,39.6
2017-05-10,鲜百合,兰州/甘肃,39.5
2017-05-11,鲜百合,兰州/甘肃,39.4
2017-05-12,鲜百合,兰州/甘肃,39.2
2017-05-13,鲜百合,兰州/甘肃,39.1
2017-05-14,鲜百合,兰州/甘肃,40.0
2017-05-15,鲜百合,兰州/甘肃,39.1
2017-05-16,鲜百合,兰州/甘肃,39.0
2017-05-17,鲜百合,兰州/甘肃,39.0
2017-05-18,鲜百合,兰州/甘肃,39.0
2017-05-19,鲜百合,甘肃,39.0
2017-05-20,鲜百合,甘肃,39.0
2017-05-21,鲜百合,甘肃,39.2
2017-05-22,鲜百合,甘肃,39.5
2017-05-23,鲜百合,甘肃,39.8
2017-05-24,鲜百合,甘肃,40.0
2017-05-25,鲜百合,甘肃,40.0
2017-05-26,鲜百合,甘肃,40.0
2017-05-27,鲜百合,甘肃,40.0
2017-05-28,鲜百合,甘肃,40.0
2017-05-29,鲜百合,甘肃,39.5
2017-05-30,鲜百合,甘肃,40.0
2017-05-31,鲜百合,甘肃,40.2
2017-06-01,鲜百合,甘肃,40.0
2017-06-02,鲜百合,甘肃,40.0
2017-06-03,鲜百合,甘肃,40.0
2017-06-04,鲜百合,甘肃,40.0
2017-06-05,鲜百合,甘肃,40.0
2017-06-06,鲜百合,甘肃,40.0
2017-06-07,鲜百合,甘肃,40.0
2017-06-08,鲜百合,甘肃,40.0
2017-06-09,鲜百合,甘肃,40.0
2017-06-10,鲜百合,甘肃,40.0
2017-06-11,鲜百合,甘肃,40.0
2017-06-12,鲜百合,甘肃,40.0
2017-06-13,鲜百合,甘肃,40.0
2017-06-14,鲜百合,甘肃,40.0
2017-06-15,鲜百合,甘肃,40.0
2017-06-16,鲜百合,甘肃,40.0
2017-06-17,鲜百合,甘肃,40.0
2017-06-18,鲜百合,甘肃,40.0
2017-06-19,鲜百合,甘肃,40.0
2017-06-20,鲜百合,甘肃,40.0
2017-06-21,鲜百合,甘肃,40.0
2017-06-22,鲜百合,甘肃,40.0
2017-06-23,鲜百合,甘肃,40.0
2017-06-24,鲜百合,甘肃,41.0
2017-06-25,鲜百合,甘肃,41.0
2017-06-26,鲜百合,甘肃,41.0
2017-06-27,鲜百合,甘肃,41.0
2017-06-28,鲜百合,甘肃,41.0
2017-06-29,鲜百合,甘肃,41.0
2017-06-30,鲜百合,甘肃,41.0
2017-07-01,鲜百合,甘肃,41.0
2017-07-02,鲜百合,甘肃,40.0
2017-07-03,鲜百合,甘肃,40.0
2017-07-04,鲜百合,甘肃,40.0
2017-07-05,鲜百合,甘肃,40.0
2017-07-06,鲜百合,甘肃,40.0
2017-07-07,鲜百合,甘肃,40.0
2017-07-08,鲜百合,甘肃,40.0
2017-07-09,鲜百合,甘肃,39.8
2017-07-10,鲜百合,甘肃,39.8
2017-07-11,鲜百合,甘肃,39.8
2017-07-12,鲜百合,甘肃,39.8
2017-07-13,鲜百合,甘肃,39.8
2017-07-14,鲜百合,甘肃,39.8
2017-07-15,鲜百合,甘肃,39.8
2017-07-16,鲜百合,甘肃,39.7
2017-07-17,鲜百合,甘肃,39.7
2017-07-18,鲜百合,甘肃,39.5
2017-07-19,鲜百合,甘肃,39.5
2017-07-20,鲜百合,甘肃,39.5
2017-07-21,鲜百合,甘肃,39.5
2017-07-22,鲜百合,甘肃,39.0
2017-07-23,鲜百合,甘肃,38.9
2017-07-24,鲜百合,甘肃,38.9
2017-07-25,鲜百合,甘肃,39.0
2017-07-26,鲜百合,甘肃,38.0
2017-07-27,鲜百合,甘肃,38.0
2017-07-28,鲜百合,甘肃,38.0
2017-07-29,鲜百合,甘肃,38.0
2017-07-30,鲜百合,甘肃,37.8
2017-07-31,鲜百合,甘肃,37.8
2017-08-01,鲜百合,甘肃,37.5
2017-08-02,鲜百合,甘肃,37.5
2017-08-03,鲜百合,甘肃,37.0
2017-08-04,鲜百合,甘肃,37.0
2017-08-05,鲜百合,甘肃,38.0
2017-08-06,鲜百合,甘肃,38.0
2017-08-07,鲜百合,甘肃,38.0
2017-08-08,鲜百合,甘肃,38.0
2017-08-09,鲜百合,甘肃,38.0
2017-08-10,鲜百合,甘肃,38.0
2017-08-11,鲜百合,甘肃,38.0
2017-08-12,鲜百合,甘肃,38.0
2017-08-13,鲜百合,甘肃,38.0
2017-08-14,鲜百合,甘肃,38.0
2017-08-15,鲜百合,甘肃,38.0
2017-08-16,鲜百合,甘肃,38.0
2017-08-17,鲜百合,甘肃,38.0
2017-08-18,鲜百合,甘肃,38.0
2017-08-19,鲜百合,甘肃,38.0
2017-08-20,鲜百合,甘肃,38.0
2017-08-21,鲜百合,甘肃,38.0
2017-08-22,鲜百合,甘肃,38.0
2017-08-23,鲜百合,甘肃,38.0
2017-08-24,鲜百合,甘肃,38.0
2017-08-25,鲜百合,甘肃,38.0
2017-08-26,鲜百合,甘肃,38.0
2017-08-27,鲜百合,甘肃,38.0
2017-08-28,鲜百合,甘肃,38.0
2017-08-29,鲜百合,甘肃,37.0
2017-08-30,鲜百合,甘肃,37.0
2017-08-31,鲜百合,甘肃,37.0
2017-09-01,鲜百合,甘肃,37.0
2017-09-02,鲜百合,甘肃,38.0
2017-09-03,鲜百合,甘肃,38.0
2017-09-04,鲜百合,甘肃,39.0
2017-09-05,鲜百合,甘肃,39.0
2017-09-06,鲜百合,甘肃,39.0
2017-09-07,鲜百合,甘肃,39.0
2017-09-08,鲜百合,甘肃,40.0
2017-09-09,鲜百合,甘肃,40.0
2017-09-10,鲜百合,甘肃,40.0
2017-09-11,鲜百合,甘肃,40.0
2017-09-12,鲜百合,甘肃,40.0
2017-09-13,鲜百合,甘肃,40.0
2017-09-14,鲜百合,甘肃,40.0
2017-09-15,鲜百合,甘肃,40.0
2017-09-16,鲜百合,甘肃,40.0
2017-09-17,鲜百合,甘肃,42.0
2017-09-18,鲜百合,甘肃,45.0
2017-09-19,鲜百合,甘肃,45.0
2017-09-20,鲜百合,甘肃,45.0
2017-09-21,鲜百合,甘肃,45.0
2017-09-22,鲜百合,甘肃,45.0
2017-09-23,鲜百合,甘肃,45.0
2017-09-24,鲜百合,甘肃,42.0
2017-09-25,鲜百合,甘肃,40.0
2017-09-26,鲜百合,甘肃,40.0
2017-09-27,鲜百合,甘肃,40.0
2017-09-28,鲜百合,甘肃,40.0
2017-09-29,鲜百合,甘肃,40.0
2017-09-30,鲜百合,甘肃,40.0
2017-10-01,鲜百合,甘肃,40.0
2017-10-02,鲜百合,甘肃,40.0
2017-10-03,鲜百合,甘肃,40.0
2017-10-04,鲜百合,甘肃,40.0
2017-10-05,鲜百合,甘肃,40.0
2017-10-06,鲜百合,甘肃,40.0
2017-10-07,鲜百合,甘肃,40.0
2017-10-08,鲜百合,甘肃,40.0
2017-10-09,鲜百合,甘肃,40.0
2017-10-10,鲜百合,甘肃,40.0
2017-10-11,鲜百合,甘肃,40.0
2017-10-12,鲜百合,甘肃,40.0
2017-10-13,鲜百合,甘肃,40.0
2017-10-14,鲜百合,甘肃,40.0
2017-10-15,鲜百合,甘肃,40.0
2017-10-16,鲜百合,甘肃,40.0
2017-10-17,鲜百合,甘肃,40.0
2017-10-18,鲜百合,甘肃,40.0
2017-10-19,鲜百合,甘肃,40.0
2017-10-20,鲜百合,甘肃,40.0
2017-10-21,鲜百合,甘肃,40.0
2017-10-22,鲜百合,甘肃,40.0
2017-10-23,鲜百合,甘肃,40.0
2017-10-24,鲜百合,甘肃,40.0
2017-10-25,鲜百合,甘肃,40.0
2017-10-26,鲜百合,甘肃,40.0
2017-10-27,鲜百合,甘肃,40.0
2017-10-28,鲜百合,甘肃,40.0
2017-10-29,鲜百合,甘肃,40.0
2017-10-30,鲜百合,甘肃,40.0
2017-10-31,鲜百合,甘肃,40.0
2017-11-01,鲜百合,甘肃,40.0
2017-11-02,鲜百合,甘肃,40.0
2017-11-03,鲜百合,甘肃,40.0
2017-11-04,鲜百合,甘肃,40.0
2017-11-05,鲜百合,甘肃,40.0
2017-11-06,鲜百合,甘肃,40.2
2017-11-07,鲜百合,甘肃,40.2
2017-11-08,鲜百合,甘肃,40.2
2017-11-09,鲜百合,甘肃,40.2
2017-11-10,鲜百合,甘肃,40.2
2017-11-11,鲜百合,甘肃,40.0
2017-11-12,鲜百合,甘肃,40.0
2017-11-13,鲜百合,甘肃,40.0
2017-11-14,鲜百合,甘肃,40.0
2017-11-15,鲜百合,甘肃,40.0
2017-11-16,鲜百合,甘肃,40.0
2017-11-17,鲜百合,甘肃,40.0
2017-11-18,鲜百合,甘肃,40.0
2017-11-19,鲜百合,甘肃,40.0
2017-11-20,鲜百合,甘肃,40.0
2017-11-21,鲜百合,甘肃,40.0
2017-11-22,鲜百合,甘肃,40.0
2017-11-23,鲜百合,甘肃,40.0
2017-11-24,鲜百合,甘肃,40.0
2017-11-25,鲜百合,甘肃,40.0
2017-11-26,鲜百合,甘肃,40.0
2017-11-27,鲜百合,甘肃,40.0
2017-11-28,鲜百合,甘肃,40.0
2017-11-29,鲜百合,甘肃,40.0
2017-11-30,鲜百合,甘肃,40.0
2017-12-01,鲜百合,甘肃,40.0
2017-12-02,鲜百合,甘肃,40.0
2017-12-03,鲜百合,甘肃,40.0
2017-12-04,鲜百合,甘肃,40.0
2017-12-05,鲜百合,甘肃,40.0
2017-12-06,鲜百合,甘肃,40.0
2017-12-07,鲜百合,甘肃,40.0
2017-12-08,鲜百合,甘肃,40.0
2017-12-09,鲜百合,甘肃,40.0
2017-12-10,鲜百合,甘肃,40.0
2017-12-11,鲜百合,甘肃,38.0
2017-12-12,鲜百合,甘肃,38.0
2017-12-13,鲜百合,甘肃,38.0
2017-12-14,鲜百合,甘肃,38.0
2017-12-15,鲜百合,甘肃,38.0
2017-12-16,鲜百合,甘肃,38.0
2017-12-17,鲜百合,甘肃,38.0
2017-12-18,鲜百合,甘肃,38.0
2017-12-19,鲜百合,甘肃,38.0
2017-12-20,鲜百合,甘肃,38.0
2017-12-21,鲜百合,甘肃,38.0
2017-12-22,鲜百合,甘肃,38.0
2017-12-23,鲜百合,甘肃,41.0
2017-12-24,鲜百合,甘肃,41.0
2017-12-25,鲜百合,甘肃,41.0
2017-12-26,鲜百合,甘肃,42.0
2017-12-27,鲜百合,甘肃,42.0
2017-12-28,鲜百合,甘肃,41.0
2017-12-29,鲜百合,甘肃,41.0
2017-12-30,鲜百合,甘肃,41.0
2017-12-31,鲜百合,甘肃,41.0
2018-01-01,鲜百合,甘肃,41.0
2018-01-02,鲜百合,甘肃,41.0
2018-01-03,鲜百合,甘肃,41.5
2018-01-04,鲜百合,甘肃,42.0
2018-01-05,鲜百合,甘肃,45.0
2018-01-06,鲜百合,甘肃,45.0
2018-01-07,鲜百合,甘肃,48.0
2018-01-08,鲜百合,甘肃,48.0
2018-01-09,鲜百合,甘肃,50.0
2018-01-10,鲜百合,甘肃,50.0
2018-01-11,鲜百合,甘肃,50.0
2018-01-12,鲜百合,甘肃,50.0
2018-01-13,鲜百合,甘肃,50.0
2018-01-14,鲜百合,甘肃,50.0
2018-01-15,鲜百合,甘肃,50.0
2018-01-16,鲜百合,甘肃,50.0
2018-01-17,鲜百合,甘肃,50.0
2018-01-18,鲜百合,甘肃,50.0
2018-01-19,鲜百合,甘肃,50.0
2018-01-20,鲜百合,甘肃,50.0
2018-01-21,鲜百合,甘肃,50.0
2018-01-22,鲜百合,甘肃,50.0
2018-01-23,鲜百合,甘肃,47.0
2018-01-24,鲜百合,甘肃,47.0
2018-01-26,鲜百合,甘肃,47.0
2018-01-27,鲜百合,甘肃,47.0
2018-01-28,鲜百合,甘肃,44.0
2018-01-29,鲜百合,甘肃,44.0
2018-01-30,鲜百合,甘肃,44.0
2018-01-31,鲜百合,甘肃,44.0
2018-02-01,鲜百合,甘肃,44.0
2018-02-02,鲜百合,甘肃,44.0
2018-02-03,鲜百合,甘肃,44.0
2018-02-04,鲜百合,甘肃,43.5
2018-02-05,鲜百合,甘肃,43.0
2018-02-06,鲜百合,甘肃,43.0
2018-02-07,鲜百合,甘肃,43.0
2018-02-08,鲜百合,甘肃,43.0
2018-02-09,鲜百合,甘肃,43.0
2018-02-10,鲜百合,甘肃,43.0
2018-02-11,鲜百合,甘肃,43.3
2018-02-12,鲜百合,甘肃,43.5
2018-02-13,鲜百合,甘肃,43.5
2018-02-14,鲜百合,甘肃,43.5
2018-02-15,鲜百合,甘肃,43.0
2018-02-16,鲜百合,甘肃,43.0
2018-02-17,鲜百合,甘肃,43.5
2018-02-18,鲜百合,甘肃,44.0
2018-02-19,鲜百合,甘肃,44.3
2018-02-20,鲜百合,甘肃,44.5
2018-02-21,鲜百合,甘肃,44.5
2018-02-22,鲜百合,甘肃,44.5
2018-02-23,鲜百合,甘肃,44.5
2018-02-24,鲜百合,甘肃,45.0
2018-02-25,鲜百合,甘肃,45.5
2018-02-26,鲜百合,甘肃,45.0
2018-02-27,鲜百合,甘肃,45.0
2018-02-28,鲜百合,甘肃,45.3
2018-03-01,鲜百合,甘肃,45.5
2018-03-02,鲜百合,甘肃,45.5
2018-03-03,鲜百合,甘肃,45.5
2018-03-04,鲜百合,甘肃,45.5
2018-03-05,鲜百合,甘肃,45.5
2018-03-06,鲜百合,甘肃,45.5
2018-03-07,鲜百合,甘肃,45.5
2018-03-08,鲜百合,甘肃,45.5
2018-03-09,鲜百合,甘肃,45.5
2018-03-10,鲜百合,甘肃,45.5
2018-03-11,鲜百合,甘肃,45.5
2018-03-12,鲜百合,甘肃,45.5
2018-03-13,鲜百合,甘肃,45.5
2018-03-14,鲜百合,甘肃,45.5
2018-03-15,鲜百合,甘肃,45.5
2018-03-16,鲜百合,甘肃,45.5
2018-03-17,鲜百合,甘肃,45.5
2018-03-18,鲜百合,甘肃,45.5
2018-03-19,鲜百合,甘肃,45.5
2018-03-20,鲜百合,甘肃,45.5
2018-03-21,鲜百合,甘肃,45.5
2018-03-22,鲜百合,甘肃,45.5
2018-03-23,鲜百合,甘肃,45.5
2018-03-24,鲜百合,甘肃,45.5
2018-03-25,鲜百合,甘肃,45.3
2018-03-26,鲜百合,甘肃,45.3
2018-03-27,鲜百合,甘肃,45.5
2018-03-28,鲜百合,甘肃,45.7
2018-03-29,鲜百合,甘肃,46.0
2018-03-30,鲜百合,甘肃,46.0
2018-03-31,鲜百合,甘肃,46.3
2018-04-01,鲜百合,甘肃,46.3
2018-04-02,鲜百合,甘肃,46.3
2018-04-03,鲜百合,甘肃,46.0
2018-04-04,鲜百合,甘肃,46.0
2018-04-05,鲜百合,甘肃,47.0
2018-04-06,鲜百合,0,47.0
2018-04-07,鲜百合,0,47.0
2018-04-08,鲜百合,0,45.0
2018-04-09,鲜百合,甘肃,46.0
2018-04-10,鲜百合,甘肃,47.0
2018-04-11,鲜百合,甘肃,47.0
2018-04-12,鲜百合,甘肃,47.0
2018-04-13,鲜百合,甘肃,50.0
2018-04-14,鲜百合,甘肃,50.0
2018-04-15,鲜百合,甘肃,50.0
2018-04-16,鲜百合,甘肃,50.0
2018-04-17,鲜百合,甘肃,47.0
2018-04-18,鲜百合,甘肃,47.0
2018-04-19,鲜百合,甘肃,47.0
2018-04-21,鲜百合,甘肃,45.0
2018-04-22,鲜百合,甘肃,43.0
2018-04-23,鲜百合,甘肃,43.0
2018-04-24,鲜百合,甘肃,42.0
2018-04-25,鲜百合,甘肃,42.0
2018-04-26,鲜百合,甘肃,42.0
2018-04-27,鲜百合,甘肃,42.0
2018-04-28,鲜百合,甘肃,42.0
2018-04-29,鲜百合,甘肃,42.0
2018-04-30,鲜百合,甘肃,45.0
2018-05-01,鲜百合,甘肃,46.0
2018-05-02,鲜百合,甘肃,46.0
2018-05-03,鲜百合,甘肃,46.0
2018-05-04,鲜百合,甘肃,46.0
2018-05-05,鲜百合,甘肃,46.0
2018-05-06,鲜百合,甘肃,46.0
2018-05-07,鲜百合,甘肃,46.0
2018-05-08,鲜百合,甘肃,46.0
2018-05-09,鲜百合,甘肃,46.0
2018-05-10,鲜百合,甘肃,46.0
2018-05-11,鲜百合,甘肃,46.0
2018-05-12,鲜百合,甘肃,46.0
2018-05-13,鲜百合,甘肃,46.0
2018-05-14,鲜百合,甘肃,46.0
2018-05-15,鲜百合,甘肃,46.0
2018-05-16,鲜百合,甘肃,45.0
2018-05-17,鲜百合,甘肃,45.0
2018-05-18,鲜百合,甘肃,45.0
2018-05-19,鲜百合,甘肃,45.0
2018-05-20,鲜百合,甘肃,45.0
2018-05-21,鲜百合,甘肃,45.0
2018-05-22,鲜百合,甘肃,45.0
2018-05-23,鲜百合,甘肃,45.0
2018-05-24,鲜百合,甘肃,45.0
2018-05-25,鲜百合,甘肃,45.0
2018-05-26,鲜百合,甘肃,45.0
2018-05-27,鲜百合,甘肃,45.0
2018-05-28,鲜百合,甘肃,45.0
2018-05-29,鲜百合,甘肃,45.0
2018-05-30,鲜百合,甘肃,45.0
2018-05-31,鲜百合,甘肃,45.0
2018-06-01,鲜百合,甘肃,45.0
2018-06-02,鲜百合,甘肃,45.0
2018-06-03,鲜百合,甘肃,45.0
2018-06-04,鲜百合,甘肃,43.0
2018-06-05,鲜百合,甘肃,43.0
2018-06-06,鲜百合,甘肃,43.0
2018-06-07,鲜百合,甘肃,43.0
2018-06-08,鲜百合,甘肃,43.0
2018-06-09,鲜百合,甘肃,40.0
2018-06-10,鲜百合,甘肃,40.0
2018-06-12,鲜百合,甘肃,40.0
2018-06-13,鲜百合,甘肃,40.0
2018-06-14,鲜百合,甘肃,40.0
2018-06-15,鲜百合,甘肃,40.0
2018-06-16,鲜百合,甘肃,40.0
2018-06-17,鲜百合,甘肃,40.0
2018-06-18,鲜百合,甘肃,40.0
2018-06-19,鲜百合,甘肃,40.0
2018-06-20,鲜百合,甘肃,40.0
2018-06-21,鲜百合,甘肃,37.0
2018-06-22,鲜百合,甘肃,37.0
2018-06-23,鲜百合,甘肃,37.0
2018-06-24,鲜百合,甘肃,37.0
2018-06-25,鲜百合,甘肃,37.0
2018-06-26,鲜百合,甘肃,37.0
2018-06-27,鲜百合,甘肃,37.0
2018-06-28,鲜百合,甘肃,37.0
2018-06-29,鲜百合,甘肃,37.0
2018-06-30,鲜百合,甘肃,37.0
2018-07-01,鲜百合,甘肃,37.0
2018-07-02,鲜百合,甘肃,37.0
2018-07-03,鲜百合,甘肃,37.0
2018-07-04,鲜百合,甘肃,37.0
2018-07-05,鲜百合,甘肃,37.0
2018-07-06,鲜百合,甘肃/湖南,37.0
2018-07-07,鲜百合,甘肃/湖南,37.0
2018-07-08,鲜百合,甘肃/湖南,37.0
2018-07-09,鲜百合,甘肃/湖南,37.0
2018-07-10,鲜百合,甘肃/湖南,37.0
2018-07-11,鲜百合,甘肃/湖南,37.0
2018-07-12,鲜百合,甘肃/湖南,37.0
2018-07-13,鲜百合,甘肃/湖南,37.0
2018-07-14,鲜百合,甘肃/湖南,37.0
2018-07-15,鲜百合,甘肃/湖南,37.0
2018-07-16,鲜百合,甘肃/湖南,37.0
2018-07-17,鲜百合,甘肃/湖南,37.0
2018-07-18,鲜百合,甘肃/湖南,37.0
2018-07-19,鲜百合,甘肃/湖南,37.0
2018-07-20,鲜百合,甘肃/湖南,37.0
2018-07-21,鲜百合,甘肃/湖南,37.0
2018-07-22,鲜百合,甘肃/湖南,37.0
2018-07-23,鲜百合,甘肃/湖南,37.0
2018-07-24,鲜百合,甘肃/湖南,37.0
2018-07-25,鲜百合,甘肃/湖南,37.0
2018-07-26,鲜百合,甘肃/湖南,37.0
2018-07-27,鲜百合,甘肃,37.0
2018-07-28,鲜百合,甘肃,37.0
2018-07-29,鲜百合,甘肃,37.0
2018-07-30,鲜百合,甘肃,37.0
2018-07-31,鲜百合,甘肃,37.0
2018-08-01,鲜百合,甘肃,37.0
2018-08-02,鲜百合,甘肃,37.0
2018-08-03,鲜百合,甘肃,37.0
2018-08-04,鲜百合,甘肃,37.0
2018-08-05,鲜百合,甘肃,36.8
2018-08-06,鲜百合,甘肃,37.0
2018-08-07,鲜百合,甘肃,38.0
2018-08-08,鲜百合,甘肃,38.0
2018-08-09,鲜百合,甘肃,38.0
2018-08-10,鲜百合,甘肃,38.0
2018-08-11,鲜百合,甘肃,38.0
2018-08-12,鲜百合,甘肃,38.3
2018-08-13,鲜百合,甘肃,38.5
2018-08-14,鲜百合,甘肃,39.0
2018-08-15,鲜百合,甘肃,39.0
2018-08-16,鲜百合,甘肃,39.0
2018-08-17,鲜百合,甘肃,38.8
2018-08-18,鲜百合,甘肃,38.6
2018-08-19,鲜百合,甘肃,38.7
2018-08-20,鲜百合,甘肃,38.7
2018-08-21,鲜百合,甘肃,38.8
2018-08-22,鲜百合,甘肃,38.7
2018-08-23,鲜百合,甘肃,38.6
2018-08-24,鲜百合,甘肃,38.5
2018-08-25,鲜百合,甘肃,38.4
2018-08-26,鲜百合,甘肃,38.3
2018-08-27,鲜百合,甘肃,38.0
2018-08-28,鲜百合,甘肃,38.1
2018-08-29,鲜百合,甘肃,38.0
2018-08-30,鲜百合,甘肃,37.9
2018-08-31,鲜百合,甘肃,37.8
2018-09-01,鲜百合,甘肃,37.7
2018-09-02,鲜百合,甘肃,37.6
2018-09-03,鲜百合,甘肃,37.0
2018-09-04,鲜百合,甘肃,37.0
2018-09-05,鲜百合,甘肃,37.0
2018-09-06,鲜百合,甘肃,37.0
2018-09-07,鲜百合,甘肃/兰州,36.5
2018-09-08,鲜百合,甘肃/兰州,36.5
2018-09-09,鲜百合,甘肃/兰州,36.0
2018-09-10,鲜百合,甘肃/兰州,36.0
2018-09-11,鲜百合,甘肃/兰州,35.0
2018-09-12,鲜百合,甘肃/兰州,35.0
2018-09-13,鲜百合,甘肃/兰州,35.0
2018-09-14,鲜百合,甘肃/兰州,35.0
2018-09-15,鲜百合,甘肃/兰州,35.0
2018-09-16,鲜百合,甘肃/兰州,35.3
2018-09-17,鲜百合,甘肃/兰州,38.0
2018-09-18,鲜百合,甘肃/兰州,38.5
2018-09-19,鲜百合,甘肃/兰州,38.5
2018-09-20,鲜百合,甘肃/兰州,39.0
2018-09-21,鲜百合,甘肃/兰州,39.0
2018-09-22,鲜百合,甘肃/兰州,39.0
2018-09-23,鲜百合,甘肃/兰州,39.0
2018-09-24,鲜百合,甘肃/兰州,39.0
2018-09-25,鲜百合,甘肃/兰州,39.2
2018-09-26,鲜百合,甘肃/兰州,39.2
2018-09-27,鲜百合,甘肃/兰州,39.5
2018-09-28,鲜百合,甘肃/兰州,39.5
2018-09-29,鲜百合,甘肃/兰州,39.5
2018-09-30,鲜百合,甘肃/兰州,39.5
2018-10-01,鲜百合,甘肃/兰州,39.6
2018-10-02,鲜百合,甘肃/兰州,39.6
2018-10-03,鲜百合,甘肃/兰州,39.6
2018-10-04,鲜百合,甘肃/兰州,40.0
2018-10-05,鲜百合,甘肃/兰州,40.2
2018-10-06,鲜百合,甘肃/兰州,40.2
2018-10-07,鲜百合,甘肃/兰州,40.3
2018-10-08,鲜百合,甘肃/兰州,40.0
2018-10-09,鲜百合,甘肃/兰州,40.2
2018-10-10,鲜百合,甘肃/兰州,40.5
2018-10-11,鲜百合,甘肃/兰州,40.5
2018-10-12,鲜百合,甘肃/兰州,40.0
2018-10-13,鲜百合,甘肃/兰州,40.5
2018-10-14,鲜百合,甘肃/兰州,40.4
2018-10-15,鲜百合,甘肃/兰州,40.0
2018-10-16,鲜百合,甘肃/兰州,40.2
2018-10-17,鲜百合,甘肃/兰州,40.0
2018-10-18,鲜百合,甘肃/兰州,40.0
2018-10-19,鲜百合,甘肃/兰州,40.0
2018-10-20,鲜百合,甘肃/兰州,40.0
2018-10-21,鲜百合,甘肃/兰州,39.9
2018-10-22,鲜百合,甘肃/兰州,40.0
2018-10-23,鲜百合,甘肃/兰州,40.0
2018-10-24,鲜百合,甘肃/兰州,40.0
2018-10-25,鲜百合,甘肃/兰州,40.0
2018-10-26,鲜百合,甘肃/兰州,40.0
2018-10-27,鲜百合,甘肃/兰州,40.0
2018-10-28,鲜百合,甘肃/兰州,39.9
2018-10-29,鲜百合,甘肃/兰州,40.0
2018-10-30,鲜百合,甘肃/兰州,40.0
2018-10-31,鲜百合,甘肃/兰州,40.0
2018-11-01,鲜百合,甘肃/兰州,40.0
2018-11-02,鲜百合,甘肃/兰州,39.0
2018-11-03,鲜百合,甘肃/兰州,39.0
2018-11-04,鲜百合,甘肃/兰州,38.9
2018-11-05,鲜百合,甘肃/兰州,38.0
2018-11-06,鲜百合,甘肃/兰州,39.0
2018-11-07,鲜百合,甘肃/兰州,39.0
2018-11-08,鲜百合,甘肃/兰州,39.0
2018-11-09,鲜百合,甘肃/兰州,39.0
2018-11-10,鲜百合,甘肃/兰州,39.0
2018-11-12,鲜百合,甘肃/兰州,39.5
2018-11-13,鲜百合,甘肃/兰州,39.5
2018-11-14,鲜百合,甘肃/兰州,39.5
2018-11-15,鲜百合,甘肃/兰州,39.5
2018-11-16,鲜百合,甘肃/兰州,39.5
2018-11-17,鲜百合,甘肃/兰州,39.0
2018-11-18,鲜百合,甘肃/兰州,39.2
2018-11-19,鲜百合,甘肃/兰州,39.2
2018-11-20,鲜百合,甘肃/兰州,39.0
2018-11-21,鲜百合,甘肃/兰州,39.2
2018-11-22,鲜百合,甘肃/兰州,39.5
2018-11-23,鲜百合,甘肃/兰州,39.6
2018-11-24,鲜百合,甘肃/兰州,39.0
2018-11-25,鲜百合,甘肃/兰州,39.5
2018-11-26,鲜百合,甘肃/兰州,39.5
2018-11-27,鲜百合,甘肃/兰州,39.6
2018-11-28,鲜百合,甘肃/兰州,39.0
2018-11-29,鲜百合,甘肃/兰州,39.2
2018-11-30,鲜百合,甘肃/兰州,39.0
2018-12-01,鲜百合,甘肃/兰州,39.0
